"Status","Start Time","Stop Time","Duration in ms","Parent Suite","Suite","Sub Suite","Test Class","Test Method","Name","Description"
"passed","Tue Apr 06 15:34:14 CST 2021","Tue Apr 06 15:34:14 CST 2021","1","","test_caculate","TestCaculate","","","test_mul[negative_mul]",""
"passed","Tue Apr 06 15:34:14 CST 2021","Tue Apr 06 15:34:14 CST 2021","1","","test_caculate","TestCaculate","","","test_div[negative_div]",""
"failed","Tue Apr 06 15:34:14 CST 2021","Tue Apr 06 15:34:14 CST 2021","5","","test_caculate","TestCaculate","","","test_add[string_add]",""
"broken","Tue Apr 06 15:34:14 CST 2021","Tue Apr 06 15:34:14 CST 2021","2","","test_caculate","TestCaculate","","","test_div[string_div]",""
"passed","Tue Apr 06 15:34:14 CST 2021","Tue Apr 06 15:34:14 CST 2021","3","","test_caculate","TestCaculate","","","test_div[float_div]",""
"broken","Tue Apr 06 15:34:14 CST 2021","Tue Apr 06 15:34:14 CST 2021","1","","test_caculate","TestCaculate","","","test_mul[string_mul]",""
"passed","Tue Apr 06 15:34:14 CST 2021","Tue Apr 06 15:34:14 CST 2021","1","","test_caculate","TestCaculate","","","test_div[int_div]",""
"passed","Tue Apr 06 15:34:14 CST 2021","Tue Apr 06 15:34:14 CST 2021","0","","test_caculate","TestCaculate","","","test_sub[float_sub]",""
"broken","Tue Apr 06 15:34:14 CST 2021","Tue Apr 06 15:34:14 CST 2021","3","","test_caculate","TestCaculate","","","test_sub[string_sub]",""
"passed","Tue Apr 06 15:34:14 CST 2021","Tue Apr 06 15:34:14 CST 2021","1","","test_caculate","TestCaculate","","","test_sub[negative_sub]",""
"passed","Tue Apr 06 15:34:14 CST 2021","Tue Apr 06 15:34:14 CST 2021","0","","test_caculate","TestCaculate","","","test_add[negative_add]",""
"passed","Tue Apr 06 15:34:14 CST 2021","Tue Apr 06 15:34:14 CST 2021","1","","test_caculate","TestCaculate","","","test_mul[int_mul]",""
"passed","Tue Apr 06 15:34:14 CST 2021","Tue Apr 06 15:34:14 CST 2021","0","","test_caculate","TestCaculate","","","test_mul[float_mul]",""
"failed","Tue Apr 06 15:34:14 CST 2021","Tue Apr 06 15:34:14 CST 2021","2","","test_caculate","TestCaculate","","","test_div[zero_div]",""
"passed","Tue Apr 06 15:34:14 CST 2021","Tue Apr 06 15:34:14 CST 2021","1","","test_caculate","TestCaculate","","","test_add[int_add]",""
"passed","Tue Apr 06 15:34:14 CST 2021","Tue Apr 06 15:34:14 CST 2021","3","","test_caculate","TestCaculate","","","test_mul[zero_mul]",""
"passed","Tue Apr 06 15:34:14 CST 2021","Tue Apr 06 15:34:14 CST 2021","1","","test_caculate","TestCaculate","","","test_add[float_add]",""
"passed","Tue Apr 06 15:34:14 CST 2021","Tue Apr 06 15:34:14 CST 2021","0","","test_caculate","TestCaculate","","","test_sub[int_sub]",""
